INSERT INTO invoice_status(id_invoice_status,invoice_status_name) VALUES(1,'PAID');
INSERT INTO invoice_status(id_invoice_status,invoice_status_name) VALUES(2,'UNPAID');
INSERT INTO tipe_pengeluaran(id_tipe_pengeluaran,tipe_pengeluaran_name) VALUES(1,'VENDOR');
INSERT INTO tipe_pengeluaran(id_tipe_pengeluaran,tipe_pengeluaran_name) VALUES(2,'OPERATION');
INSERT INTO tipe_pengeluaran(id_tipe_pengeluaran,tipe_pengeluaran_name) VALUES(3,'TAX');
INSERT INTO project_status(id_project_status,project_status_name) VALUES(1,'DONE');
INSERT INTO project_status(id_project_status,project_status_name) VALUES(2,'REJECTED');
INSERT INTO project_status(id_project_status,project_status_name) VALUES(3,'IN PROGRESS');
INSERT INTO karyawan(id_karyawan,karyawan_nama,karyawan_email) VALUES(1,'Robert Cain','robert.cain@rodriguez.com');
INSERT INTO karyawan(id_karyawan,karyawan_nama,karyawan_email) VALUES(2,'Cynthia Moreno','cynthia.moreno@maldonado-williams.biz');
INSERT INTO client(id_client,client_nama,client_email,client_company) VALUES(1,'James Harper','james.harper@carney-scott.biz','Hayden-Mason');
INSERT INTO client(id_client,client_nama,client_email,client_company) VALUES(2,'Seth Brown','seth.brown@ruiz-lang.com','Flores LLC');
INSERT INTO project(id_project,project_name,project_value,project_description,start_date,end_date,id_client,id_project_manager,id_project_status) VALUES(1,'fuchsia food from Gibraltar to Korea',276000000,'Sense there administration full.','2016-05-30 00:00:00','2016-07-29 00:00:00',2,1,1);
INSERT INTO project(id_project,project_name,project_value,project_description,start_date,end_date,id_client,id_project_manager,id_project_status) VALUES(2,'silver car from Mongolia to Luxembourg',609000000,'If lawyer with born strategy take job.','2017-01-24 00:00:00','2017-10-21 00:00:00',1,1,1);
INSERT INTO project(id_project,project_name,project_value,project_description,start_date,end_date,id_client,id_project_manager,id_project_status) VALUES(3,'black car from Saint Pierre and Miquelon to Faroe Islands',494000000,'Garden fine main the task station.','2018-01-12 00:00:00','2018-09-09 00:00:00',2,2,3);
INSERT INTO project(id_project,project_name,project_value,project_description,start_date,end_date,id_client,id_project_manager,id_project_status) VALUES(4,'black food from New Zealand to Canada',465000000,'Way think military safe left risk way. Fine government food coach.','2018-07-29 00:00:00','2019-01-25 00:00:00',1,1,2);
INSERT INTO project(id_project,project_name,project_value,project_description,start_date,end_date,id_client,id_project_manager,id_project_status) VALUES(5,'yellow motorcycle from Chad to French Guiana',360000000,'True bag best environment research take their. Financial this behind watch can.','2018-08-11 00:00:00','2019-02-07 00:00:00',1,2,1);
INSERT INTO project(id_project,project_name,project_value,project_description,start_date,end_date,id_client,id_project_manager,id_project_status) VALUES(6,'aqua clothes from Sao Tome and Principe to Singapore',132000000,'Fund meeting subject news though behavior order hard.','2018-08-26 00:00:00','2019-05-23 00:00:00',1,2,3);
INSERT INTO project(id_project,project_name,project_value,project_description,start_date,end_date,id_client,id_project_manager,id_project_status) VALUES(7,'teal motorcycle from Norway to Lao Peoples Democratic Republic',882000000,'Camera particularly night thought else least teacher. Scene paper throughout environmental cold.','2019-08-08 00:00:00','2020-05-04 00:00:00',1,2,1);
INSERT INTO project(id_project,project_name,project_value,project_description,start_date,end_date,id_client,id_project_manager,id_project_status) VALUES(8,'purple motorcycle from Mexico to Tokelau',239000000,'Save health believe part brother church.','2020-01-08 00:00:00','2020-11-03 00:00:00',2,1,1);
INSERT INTO project(id_project,project_name,project_value,project_description,start_date,end_date,id_client,id_project_manager,id_project_status) VALUES(9,'fuchsia food from Latvia to Antigua and Barbuda',892000000,'Test discuss data often model half.','2020-04-22 00:00:00','2020-07-21 00:00:00',2,2,1);
INSERT INTO project(id_project,project_name,project_value,project_description,start_date,end_date,id_client,id_project_manager,id_project_status) VALUES(10,'yellow food from Ecuador to Tajikistan',320000000,'Scientist agreement do.','2021-10-18 00:00:00','2022-08-14 00:00:00',1,1,2);
INSERT INTO invoice(id_invoice,id_project,invoice_desc,payment_value,id_invoice_status) VALUES(1,2,'Official popular couple only office.',126960000,1);
INSERT INTO invoice(id_invoice,id_project,invoice_desc,payment_value,id_invoice_status) VALUES(2,2,'Mrs heart staff wish money early take.',149040000,1);
INSERT INTO invoice(id_invoice,id_project,invoice_desc,payment_value,id_invoice_status) VALUES(3,3,'Follow pattern save strategy discuss find.',609000000,1);
INSERT INTO invoice(id_invoice,id_project,invoice_desc,payment_value,id_invoice_status) VALUES(4,4,'Television study fear wear. Simple agency catch like down office.',227240000,2);
INSERT INTO invoice(id_invoice,id_project,invoice_desc,payment_value,id_invoice_status) VALUES(5,4,'Administration because door compare.',266760000,2);
INSERT INTO invoice(id_invoice,id_project,invoice_desc,payment_value,id_invoice_status) VALUES(6,6,'She appear as sign lead run. Summer can company marriage arrive hour.',111600000,1);
INSERT INTO invoice(id_invoice,id_project,invoice_desc,payment_value,id_invoice_status) VALUES(7,6,'Reflect final too laugh court green. Yourself recently bring college hospital.',126000000,1);
INSERT INTO invoice(id_invoice,id_project,invoice_desc,payment_value,id_invoice_status) VALUES(8,6,'With agree Congress admit. Republican per build loss seem.',122400000,1);
INSERT INTO invoice(id_invoice,id_project,invoice_desc,payment_value,id_invoice_status) VALUES(9,7,'Consumer total show seven eight information. Fight interview remain describe Mrs conference industry.',62040000,2);
INSERT INTO invoice(id_invoice,id_project,invoice_desc,payment_value,id_invoice_status) VALUES(10,7,'Stay nation spring democratic land establish. Picture until democratic bag partner hard another.',69960000,2);
INSERT INTO invoice(id_invoice,id_project,invoice_desc,payment_value,id_invoice_status) VALUES(11,8,'Major industry consider movement assume war never. On study family begin good wide.',882000000,1);
INSERT INTO invoice(id_invoice,id_project,invoice_desc,payment_value,id_invoice_status) VALUES(12,9,'Wait design card arm field. Instead read range pattern.',239000000,1);
INSERT INTO invoice(id_invoice,id_project,invoice_desc,payment_value,id_invoice_status) VALUES(13,10,'Religious follow happen so actually stuff.',892000000,1);
INSERT INTO pengeluaran(id_pengeluaran,id_project,pengeluaran_name,pengeluaran_desc,pengeluaran_value,id_tipe_pengeluaran) VALUES(1,2,'Pengeluaran untuk TAX Project ID: 2','Ever worry more after mean analysis.',63480000,3);
INSERT INTO pengeluaran(id_pengeluaran,id_project,pengeluaran_name,pengeluaran_desc,pengeluaran_value,id_tipe_pengeluaran) VALUES(2,2,'Pengeluaran untuk VENDOR Project ID: 2','Mr morning near item send news least soldier. Sit dream business subject article continue claim blue.',93840000,1);
INSERT INTO pengeluaran(id_pengeluaran,id_project,pengeluaran_name,pengeluaran_desc,pengeluaran_value,id_tipe_pengeluaran) VALUES(3,2,'Pengeluaran untuk TAX Project ID: 2','Forget range executive over deep.',104880000,3);
INSERT INTO pengeluaran(id_pengeluaran,id_project,pengeluaran_name,pengeluaran_desc,pengeluaran_value,id_tipe_pengeluaran) VALUES(4,3,'Pengeluaran untuk TAX Project ID: 3','Evening speech else interesting. Should involve know water family.',432390000,3);
INSERT INTO pengeluaran(id_pengeluaran,id_project,pengeluaran_name,pengeluaran_desc,pengeluaran_value,id_tipe_pengeluaran) VALUES(5,4,'Pengeluaran untuk TAX Project ID: 4','Girl box group time international alone.',538460000,3);
INSERT INTO pengeluaran(id_pengeluaran,id_project,pengeluaran_name,pengeluaran_desc,pengeluaran_value,id_tipe_pengeluaran) VALUES(6,6,'Pengeluaran untuk VENDOR Project ID: 6','Effort off finish memory run become system appear.',72000000,1);
INSERT INTO pengeluaran(id_pengeluaran,id_project,pengeluaran_name,pengeluaran_desc,pengeluaran_value,id_tipe_pengeluaran) VALUES(7,6,'Pengeluaran untuk VENDOR Project ID: 6','Mr natural magazine here face space relationship. Well picture by they.',108000000,1);
INSERT INTO pengeluaran(id_pengeluaran,id_project,pengeluaran_name,pengeluaran_desc,pengeluaran_value,id_tipe_pengeluaran) VALUES(8,6,'Pengeluaran untuk OPERATION Project ID: 6','Draw up least specific.',75600000,2);
INSERT INTO pengeluaran(id_pengeluaran,id_project,pengeluaran_name,pengeluaran_desc,pengeluaran_value,id_tipe_pengeluaran) VALUES(9,6,'Pengeluaran untuk TAX Project ID: 6','Store same movement opportunity. Company writer method remain well.',111600000,3);
INSERT INTO pengeluaran(id_pengeluaran,id_project,pengeluaran_name,pengeluaran_desc,pengeluaran_value,id_tipe_pengeluaran) VALUES(10,7,'Pengeluaran untuk TAX Project ID: 7','But most commercial mouth success others real night. Approach common image check.',56760000,3);
INSERT INTO pengeluaran(id_pengeluaran,id_project,pengeluaran_name,pengeluaran_desc,pengeluaran_value,id_tipe_pengeluaran) VALUES(11,7,'Pengeluaran untuk TAX Project ID: 7','By write treat painting onto upon coach read. Positive now other create situation.',36960000,3);
INSERT INTO pengeluaran(id_pengeluaran,id_project,pengeluaran_name,pengeluaran_desc,pengeluaran_value,id_tipe_pengeluaran) VALUES(12,8,'Pengeluaran untuk VENDOR Project ID: 8','Area consider little positive leave voice act.',590940000,1);
INSERT INTO pengeluaran(id_pengeluaran,id_project,pengeluaran_name,pengeluaran_desc,pengeluaran_value,id_tipe_pengeluaran) VALUES(13,9,'Pengeluaran untuk TAX Project ID: 9','Ever phone there.',224660000,3);
INSERT INTO pengeluaran(id_pengeluaran,id_project,pengeluaran_name,pengeluaran_desc,pengeluaran_value,id_tipe_pengeluaran) VALUES(14,10,'Pengeluaran untuk OPERATION Project ID: 10','Dark everything political society research successful behavior. Himself crime bag father.',133800000,2);
INSERT INTO pengeluaran(id_pengeluaran,id_project,pengeluaran_name,pengeluaran_desc,pengeluaran_value,id_tipe_pengeluaran) VALUES(15,10,'Pengeluaran untuk TAX Project ID: 10','Travel down specific score money.',115960000,3);
INSERT INTO pengeluaran(id_pengeluaran,id_project,pengeluaran_name,pengeluaran_desc,pengeluaran_value,id_tipe_pengeluaran) VALUES(16,10,'Pengeluaran untuk OPERATION Project ID: 10','Really determine church may. Author area significant city civil.',107040000,2);
INSERT INTO pengeluaran(id_pengeluaran,id_project,pengeluaran_name,pengeluaran_desc,pengeluaran_value,id_tipe_pengeluaran) VALUES(17,10,'Pengeluaran untuk OPERATION Project ID: 10','Letter do risk citizen rate.',124880000,2);
INSERT INTO pengeluaran(id_pengeluaran,id_project,pengeluaran_name,pengeluaran_desc,pengeluaran_value,id_tipe_pengeluaran) VALUES(18,10,'Pengeluaran untuk VENDOR Project ID: 10','Political person feel task arm however. Improve stock animal newspaper upon.',107040000,1);
